BusNumber,Type,theta (deg),V (pu),P_MW,Q_MVA
1,G,0.0,142.61696749883455,-26.654538809730788,1.05,No
2,DG,-3.266396632517037,18.300000065023525,24.240925829708626,1.045,No
3,DG,-10.082102729895103,-68.19999997339875,7.563030498409601,1.01,No
4,D,-6.064398648772056,-47.80000018612935,3.900000225968414,1.0304168708513914,No
5,D,-5.168530502288255,-7.599999718096276,-1.5999997957102607,1.032810516263971,No
